{
    "comp": "air",
    "basic": {
        "R": 0.28704739368889703,
        "MW": 28.96546,
        "T_star": 132.6312,
        "rho_star": 302.62243644200004,
        "Tc": 132.5306,
        "rhoc": 342.68456416799995,
        "Pc": 3786.0,
        "Tt": 59.75,
        "Pt": 5.265,
        "rhot_l": 957.7904883066092,
        "rhot_v": 0.1419672158382031,
        "P_min": 5.265,
        "P_max": 2000000,
        "rho_max": 1000,
        "T_min": 59.75,
        "T_max": 1500.0
    },
    "eos": {
        "reference": [
            "Lemmon, E.W, R.T. Jacobsen, S.G Penoncello, D.G Friend ",
            "Thermodynamic Properties of Air and Mixtures of Nitrogen, Argon, and Oxygen ",
            "From 60 to 2000 K at Pressures to 2000 MPa"
        ],
        "c":{
            "11": 1,
            "12": 1,
            "13": 1,
            "14": 1,
            "15": 2,
            "16": 2,
            "17": 2,
            "18": 3,
            "19": 3

        },
        "d":{
            "1": 1,
            "2": 1,
            "3": 1,
            "4": 2,
            "5": 3,
            "6": 3,
            "7": 4,
            "8": 4,
            "9": 4,
            "10": 6,
            "11": 1,
            "12": 3,
            "13": 5,
            "14": 6,
            "15": 1,
            "16": 3,
            "17": 11,
            "18": 1,
            "19": 3
        },
        "t":{
            "1": 0,
            "2": 0.33,
            "3": 1.01,
            "4": 0,
            "5": 0,
            "6": 0.15,
            "7": 0,
            "8": 0.2,
            "9": 0.35,
            "10": 1.35,
            "11": 1.6,
            "12": 0.8,
            "13": 0.95,
            "14": 1.25,
            "15": 3.6,
            "16": 6,
            "17": 3.25,
            "18": 3.5,
            "19": 15
        },
        "n": {
            "1":  0.118160747229,
            "2":  0.713116392079,
            "3": -0.161824192067e1,
            "4": 0.714140178971e-1,
            "5": -0.865421396646e-1,
            "6": 0.134211176704,
            "7": 0.112626704218e-1,
            "8": -0.420533228842e-1,
            "9": 0.349008431982e-1,
            "10": 0.164957183186e-3,
            "11": -0.101365037912,
            "12": -0.173813690970,
            "13": -0.472103183731e-1,
            "14": -0.122523554253e-1,
            "15": -0.146629609713,
            "16": -0.316055879821e-1,
            "17": 0.233594806142e-3,
            "18": 0.148287891978e-1,
            "19": -0.938782884667e-2
        },
        "reference_state_offset": [

        ],
        "n0": {
            "1": 0.605719400e-7,
            "2": -0.210274769e-4,
            "3": -0.158860716e-3,
            "4": -13.841928076,
            "5": 17.275266575,
            "6": -0.195363420e-3,
            "7":  2.490888032,
            "8": 0.791309509,
            "9": 0.212236768,
            "10": -0.197938904
            
        },
        "g0": {
            "8": 25.36365,
            "9": 16.90741,
            "10": 87.31279
        },
        "last_term_ideal": 5,
        "last_term_residual": [10,19],
        "phi_ideal_type": 5,
        "phi_residual_type": 1
    },
    "aux": {
        "reference": [
               
        ],
        "delta_l_sat_approx": {
            "c": 1,
            "n": {
                "1": 44.3413,
                "2": -240.073,
                "3": 285.139,
                "4": -88.3366
            },
            "m":{
                "1":-0.892181
            },
            "t": {
                "1": 0.65,
                "2": 0.85,
                "3": 0.95,
                "4": 1.1
            },
            "type": 3
        },
        "delta_v_sat_approx": {
            "c": 1,
            "n": {
                "1": -2.0466,
                "2": -4.7520,
                "3": -13.259,
                "4": -47.652
            },
            "t": {
                "1": 0.41,
                "2": 1.0,
                "3": 2.8,
                "4": 6.5
            },
            "type": 2
        }
    },
    "transport": {
        "thermal_conductivity": {
            "reference": [
                
            ]
        },
        "viscosity": {
            "reference": [
                
            ]
        },
        "surface_tension": {
            "reference": [
            ]
            
        }
    }
}