{
    "nl_file": "air_expressions_eos.nl",
    "expr_map": [
        0,
        1,
        2,
        3,
        4,
        13,
        5,
        6,
        7,
        8,
        9,
        10,
        12,
        11
    ],
    "var_map": [
        1,
        0,
        1000,
        1000
    ],
    "param": {
        "R": 0.28704739368889703,
        "MW": 28.96546,
        "T_star": 132.6312,
        "rho_star": 302.62243644200004,
        "Tc": 132.5306,
        "rhoc": 342.68456416799995,
        "Pc": 3785.288027159613,
        "Tt": 59.75,
        "Pt": 5.265,
        "rhot_l": 957.7904883066092,
        "rhot_v": 0.1419672158382031,
        "P_min": 5.265,
        "P_max": 2000000,
        "rho_max": 1000,
        "T_min": 59.75,
        "T_max": 1500.0,
        "reference_state_offset": []
    },
    "have_tcx": false,
    "have_st": false,
    "have_visc": false
}